nyt_id,xml_id,cluster_id,month,day,year,perceived_author_gender,nyt_pdf_endpoint
4fc066e445c1498b0d2ab471,106118615,1,5,8,1909,f,https://timesmachine.nytimes.com/timesmachine/1909/05/08/106118615.pdf
4fc066e445c1498b0d2ab471,106118615,2,5,8,1909,m,https://timesmachine.nytimes.com/timesmachine/1909/05/08/106118615.pdf
4fc05f5545c1498b0d286ea1,105456766,1,8,2,1914,f,https://timesmachine.nytimes.com/timesmachine/1914/08/02/105456766.pdf
4fc05f5545c1498b0d286ea1,105456766,2,8,2,1914,m,https://timesmachine.nytimes.com/timesmachine/1914/08/02/105456766.pdf
4fc098e345c1498b0d398542,112678830,1,4,24,1921,m,https://timesmachine.nytimes.com/timesmachine/1921/04/24/112678830.pdf
4fc098e345c1498b0d398542,112678830,2,4,24,1921,f,https://timesmachine.nytimes.com/timesmachine/1921/04/24/112678830.pdf
4fc098e345c1498b0d398542,112678830,3,4,24,1921,f,https://timesmachine.nytimes.com/timesmachine/1921/04/24/112678830.pdf
4fc098e345c1498b0d398542,112678830,4,4,24,1921,f,https://timesmachine.nytimes.com/timesmachine/1921/04/24/112678830.pdf
4fc098e345c1498b0d398542,112678830,5,4,24,1921,m,https://timesmachine.nytimes.com/timesmachine/1921/04/24/112678830.pdf
4fc050d745c1498b0d2472a0,104795692,1,2,1,1908,m,https://timesmachine.nytimes.com/timesmachine/1908/02/01/104795692.pdf
4fc050d745c1498b0d2472a0,104795692,2,2,1,1908,m,https://timesmachine.nytimes.com/timesmachine/1908/02/01/104795692.pdf
4fc064bb45c1498b0d2a0b76,104882442,1,11,12,1911,f,https://timesmachine.nytimes.com/timesmachine/1911/11/12/104882442.pdf
4fc064bb45c1498b0d2a0b76,104882442,2,11,12,1911,m,https://timesmachine.nytimes.com/timesmachine/1911/11/12/104882442.pdf
4fc068e445c1498b0d2b4292,105458730,1,8,30,1914,f,https://timesmachine.nytimes.com/timesmachine/1914/08/30/105458730.pdf
4fc068e445c1498b0d2b4292,105458730,2,8,30,1914,m,https://timesmachine.nytimes.com/timesmachine/1914/08/30/105458730.pdf
4fc098e345c1498b0d398542,112678830,1,4,24,1921,f,https://timesmachine.nytimes.com/timesmachine/1921/04/24/112678830.pdf
4fc098e345c1498b0d398542,112678830,2,4,24,1921,m,https://timesmachine.nytimes.com/timesmachine/1921/04/24/112678830.pdf
4fc098e345c1498b0d398542,112678830,3,4,24,1921,m,https://timesmachine.nytimes.com/timesmachine/1921/04/24/112678830.pdf
4fc098e345c1498b0d398542,112678830,4,4,24,1921,f,https://timesmachine.nytimes.com/timesmachine/1921/04/24/112678830.pdf
4fc098e345c1498b0d398542,112678830,5,4,24,1921,m,https://timesmachine.nytimes.com/timesmachine/1921/04/24/112678830.pdf
4fc0499c45c1498b0d226970,101774553,1,4,14,1906,f,https://timesmachine.nytimes.com/timesmachine/1906/04/14/101774553.pdf
4fc0499c45c1498b0d226970,101774553,2,4,14,1906,m,https://timesmachine.nytimes.com/timesmachine/1906/04/14/101774553.pdf
4fc0499c45c1498b0d226970,101774553,3,4,14,1906,m,https://timesmachine.nytimes.com/timesmachine/1906/04/14/101774553.pdf
4fc070cc45c1498b0d2db618,99441584,1,10,1,1916,none,https://timesmachine.nytimes.com/timesmachine/1916/10/01/99441584.pdf
4fc070cc45c1498b0d2db618,99441584,2,10,1,1916,f,https://timesmachine.nytimes.com/timesmachine/1916/10/01/99441584.pdf
4fc070cc45c1498b0d2db618,99441584,3,10,1,1916,f,https://timesmachine.nytimes.com/timesmachine/1916/10/01/99441584.pdf
4fc070cc45c1498b0d2db618,99441584,4,10,1,1916,m,https://timesmachine.nytimes.com/timesmachine/1916/10/01/99441584.pdf
4fc070cc45c1498b0d2db618,99441584,5,10,1,1916,f,https://timesmachine.nytimes.com/timesmachine/1916/10/01/99441584.pdf
4fc070cc45c1498b0d2db618,99441584,6,10,1,1916,none,https://timesmachine.nytimes.com/timesmachine/1916/10/01/99441584.pdf
4fc070cc45c1498b0d2db618,99441584,7,10,1,1916,m,https://timesmachine.nytimes.com/timesmachine/1916/10/01/99441584.pdf
4fc070cc45c1498b0d2db618,99441584,8,10,1,1916,m,https://timesmachine.nytimes.com/timesmachine/1916/10/01/99441584.pdf
4fc070cc45c1498b0d2db618,99441584,9,10,1,1916,m,https://timesmachine.nytimes.com/timesmachine/1916/10/01/99441584.pdf
4fc070cc45c1498b0d2db618,99441584,10,10,1,1916,m,https://timesmachine.nytimes.com/timesmachine/1916/10/01/99441584.pdf
4fc070cc45c1498b0d2db618,99441584,11,10,1,1916,f,https://timesmachine.nytimes.com/timesmachine/1916/10/01/99441584.pdf
4fc070cc45c1498b0d2db618,99441584,12,10,1,1916,none,https://timesmachine.nytimes.com/timesmachine/1916/10/01/99441584.pdf
4fc070cc45c1498b0d2db618,99441584,13,10,1,1916,none,https://timesmachine.nytimes.com/timesmachine/1916/10/01/99441584.pdf
4fc074d245c1498b0d2f0fbd,112676944,1,3,20,1921,m,https://timesmachine.nytimes.com/timesmachine/1921/03/20/112676944.pdf
4fc074d245c1498b0d2f0fbd,112676944,2,3,20,1921,m,https://timesmachine.nytimes.com/timesmachine/1921/03/20/112676944.pdf
4fc074d245c1498b0d2f0fbd,112676944,3,3,20,1921,m,https://timesmachine.nytimes.com/timesmachine/1921/03/20/112676944.pdf
4fc074d245c1498b0d2f0fbd,112676944,4,3,20,1921,dual,https://timesmachine.nytimes.com/timesmachine/1921/03/20/112676944.pdf
4fc074d245c1498b0d2f0fbd,112676944,5,3,20,1921,none,https://timesmachine.nytimes.com/timesmachine/1921/03/20/112676944.pdf
4fc074d245c1498b0d2f0fbd,112676944,6,3,20,1921,none,https://timesmachine.nytimes.com/timesmachine/1921/03/20/112676944.pdf
4fc04fa845c1498b0d241a31,105013762,1,10,24,1908,none,https://timesmachine.nytimes.com/timesmachine/1908/10/24/105013762.pdf
4fc04fa845c1498b0d241a31,105013762,2,10,24,1908,f,https://timesmachine.nytimes.com/timesmachine/1908/10/24/105013762.pdf
4fc04fa845c1498b0d241a31,105013762,3,10,24,1908,f,https://timesmachine.nytimes.com/timesmachine/1908/10/24/105013762.pdf
4fc04a8845c1498b0d22b7c6,104998635,1,10,26,1907,f,https://timesmachine.nytimes.com/timesmachine/1907/10/26/104998635.pdf
4fc04a8845c1498b0d22b7c6,104998635,2,10,26,1907,none,https://timesmachine.nytimes.com/timesmachine/1907/10/26/104998635.pdf
4fc05c7145c1498b0d27a983,100659300,1,11,9,1913,m,https://timesmachine.nytimes.com/timesmachine/1913/11/09/100659300.pdf
4fc05c7145c1498b0d27a983,100659300,2,11,9,1913,m,https://timesmachine.nytimes.com/timesmachine/1913/11/09/100659300.pdf
4fc065cc45c1498b0d2a5adc,101573723,1,6,11,1916,m,https://timesmachine.nytimes.com/timesmachine/1916/06/11/101573723.pdf
4fc065cc45c1498b0d2a5adc,101573723,2,6,11,1916,m,https://timesmachine.nytimes.com/timesmachine/1916/06/11/101573723.pdf
4fc065cc45c1498b0d2a5adc,101573723,3,6,11,1916,m,https://timesmachine.nytimes.com/timesmachine/1916/06/11/101573723.pdf
4fc065cc45c1498b0d2a5adc,101573723,4,6,11,1916,m,https://timesmachine.nytimes.com/timesmachine/1916/06/11/101573723.pdf
4fc07ce745c1498b0d316c5c,100077904,1,4,20,1913,f,https://timesmachine.nytimes.com/timesmachine/1913/04/20/100077904.pdf
4fc07ce745c1498b0d316c5c,100077904,2,4,20,1913,m,https://timesmachine.nytimes.com/timesmachine/1913/04/20/100077904.pdf
4fc0683e45c1498b0d2b0e44,104920919,1,2,12,1910,f,https://timesmachine.nytimes.com/timesmachine/1910/02/12/104920919.pdf
4fc0683e45c1498b0d2b0e44,104920919,2,2,12,1910,m,https://timesmachine.nytimes.com/timesmachine/1910/02/12/104920919.pdf
4fc0683e45c1498b0d2b0e44,104920919,3,2,12,1910,f,https://timesmachine.nytimes.com/timesmachine/1910/02/12/104920919.pdf
4fc06bc945c1498b0d2c16d9,105455561,1,4,12,1914,m,https://timesmachine.nytimes.com/timesmachine/1914/04/12/105455561.pdf
4fc06bc945c1498b0d2c16d9,105455561,2,4,12,1914,m,https://timesmachine.nytimes.com/timesmachine/1914/04/12/105455561.pdf
4fc06bc945c1498b0d2c16d9,105455561,3,4,12,1914,f,https://timesmachine.nytimes.com/timesmachine/1914/04/12/105455561.pdf
4fc06bc945c1498b0d2c16d9,105455561,4,4,12,1914,m,https://timesmachine.nytimes.com/timesmachine/1914/04/12/105455561.pdf
4fc06bc945c1498b0d2c16d9,105455561,5,4,12,1914,m,https://timesmachine.nytimes.com/timesmachine/1914/04/12/105455561.pdf
4fc06bc945c1498b0d2c16d9,105455561,6,4,12,1914,none,https://timesmachine.nytimes.com/timesmachine/1914/04/12/105455561.pdf
4fc06bc945c1498b0d2c16d9,105455561,7,4,12,1914,m,https://timesmachine.nytimes.com/timesmachine/1914/04/12/105455561.pdf
4fc06bc945c1498b0d2c16d9,105455561,8,4,12,1914,m,https://timesmachine.nytimes.com/timesmachine/1914/04/12/105455561.pdf
4fc06bc945c1498b0d2c16d9,105455561,9,4,12,1914,m,https://timesmachine.nytimes.com/timesmachine/1914/04/12/105455561.pdf
4fc06bc945c1498b0d2c16d9,105455561,10,4,12,1914,m,https://timesmachine.nytimes.com/timesmachine/1914/04/12/105455561.pdf
4fc06bc945c1498b0d2c16d9,105455561,11,4,12,1914,m,https://timesmachine.nytimes.com/timesmachine/1914/04/12/105455561.pdf
4fc06bc945c1498b0d2c16d9,105455561,12,4,12,1914,m,https://timesmachine.nytimes.com/timesmachine/1914/04/12/105455561.pdf
4fc06bc945c1498b0d2c16d9,105455561,13,4,12,1914,m,https://timesmachine.nytimes.com/timesmachine/1914/04/12/105455561.pdf
4fc06bc945c1498b0d2c16d9,105455561,14,4,12,1914,f,https://timesmachine.nytimes.com/timesmachine/1914/04/12/105455561.pdf
4fc06bc945c1498b0d2c16d9,105455561,15,4,12,1914,m,https://timesmachine.nytimes.com/timesmachine/1914/04/12/105455561.pdf
4fc06bc945c1498b0d2c16d9,105455561,16,4,12,1914,m,https://timesmachine.nytimes.com/timesmachine/1914/04/12/105455561.pdf
4fc056ed45c1498b0d261e47,106762118,1,8,31,1907,f,https://timesmachine.nytimes.com/timesmachine/1907/08/31/106762118.pdf
4fc088cb45c1498b0d34bd85,101667227,1,5,31,1925,m,https://timesmachine.nytimes.com/timesmachine/1925/05/31/101667227.pdf
4fc088cb45c1498b0d34bd85,101667227,2,5,31,1925,f,https://timesmachine.nytimes.com/timesmachine/1925/05/31/101667227.pdf
4fc0707045c1498b0d2d9f2f,102359479,1,8,12,1917,m,https://timesmachine.nytimes.com/timesmachine/1917/08/12/102359479.pdf
4fc0707045c1498b0d2d9f2f,102359479,2,8,12,1917,m,https://timesmachine.nytimes.com/timesmachine/1917/08/12/102359479.pdf
4fc0707045c1498b0d2d9f2f,102359479,3,8,12,1917,m,https://timesmachine.nytimes.com/timesmachine/1917/08/12/102359479.pdf
4fc0425445c1498b0d20701e,101800834,1,10,6,1906,m,https://timesmachine.nytimes.com/timesmachine/1906/10/06/101800834.pdf
4fc0425445c1498b0d20701e,101800834,2,10,6,1906,none,https://timesmachine.nytimes.com/timesmachine/1906/10/06/101800834.pdf
4fc06f4445c1498b0d2d3c89,98284195,1,4,6,1919,f,https://timesmachine.nytimes.com/timesmachine/1919/04/06/98284195.pdf
4fc06f4445c1498b0d2d3c89,98284195,2,4,6,1919,m,https://timesmachine.nytimes.com/timesmachine/1919/04/06/98284195.pdf
4fc06f4445c1498b0d2d3c89,98284195,3,4,6,1919,m,https://timesmachine.nytimes.com/timesmachine/1919/04/06/98284195.pdf
4fc059ea45c1498b0d26ebd9,100579431,1,1,7,1912,m,https://timesmachine.nytimes.com/timesmachine/1912/01/07/100579431.pdf
4fc059ea45c1498b0d26ebd9,100579431,2,1,7,1912,f,https://timesmachine.nytimes.com/timesmachine/1912/01/07/100579431.pdf
4fc05bf945c1498b0d2781b4,100347455,1,1,21,1912,m,https://timesmachine.nytimes.com/timesmachine/1912/01/21/100347455.pdf
4fc05bf945c1498b0d2781b4,100347455,2,1,21,1912,m,https://timesmachine.nytimes.com/timesmachine/1912/01/21/100347455.pdf
4fc07e0a45c1498b0d31c7f1,107026086,1,10,2,1921,f,https://timesmachine.nytimes.com/timesmachine/1921/10/02/107026086.pdf
4fc07e0a45c1498b0d31c7f1,107026086,2,10,2,1921,f,https://timesmachine.nytimes.com/timesmachine/1921/10/02/107026086.pdf
4fc07e0a45c1498b0d31c7f1,107026086,3,10,2,1921,m,https://timesmachine.nytimes.com/timesmachine/1921/10/02/107026086.pdf
4fc07e0a45c1498b0d31c7f1,107026086,4,10,2,1921,m,https://timesmachine.nytimes.com/timesmachine/1921/10/02/107026086.pdf
4fc07e0a45c1498b0d31c7f1,107026086,5,10,2,1921,m,https://timesmachine.nytimes.com/timesmachine/1921/10/02/107026086.pdf
4fc07e0a45c1498b0d31c7f1,107026086,6,10,2,1921,none,https://timesmachine.nytimes.com/timesmachine/1921/10/02/107026086.pdf
4fc06b2845c1498b0d2be9a9,100293057,1,12,21,1913,f,https://timesmachine.nytimes.com/timesmachine/1913/12/21/100293057.pdf
4fc0663c45c1498b0d2a7e9c,100556515,1,11,10,1912,f,https://timesmachine.nytimes.com/timesmachine/1912/11/10/100556515.pdf
4fc0610045c1498b0d28f6d7,100118531,1,11,29,1914,m,https://timesmachine.nytimes.com/timesmachine/1914/11/29/100118531.pdf
4fc0610045c1498b0d28f6d7,100118531,2,11,29,1914,m,https://timesmachine.nytimes.com/timesmachine/1914/11/29/100118531.pdf
4fc06e9845c1498b0d2cfc06,104236032,1,1,16,1916,f,https://timesmachine.nytimes.com/timesmachine/1916/01/16/104236032.pdf
4fc06e9845c1498b0d2cfc06,104236032,2,1,16,1916,m,https://timesmachine.nytimes.com/timesmachine/1916/01/16/104236032.pdf
4fc0506445c1498b0d245056,104708330,1,9,7,1907,m,https://timesmachine.nytimes.com/timesmachine/1907/09/07/104708330.pdf
4fc062df45c1498b0d29870f,100661657,1,11,16,1913,f,https://timesmachine.nytimes.com/timesmachine/1913/11/16/100661657.pdf
4fc0567545c1498b0d25f728,104930817,1,4,23,1910,m,https://timesmachine.nytimes.com/timesmachine/1910/04/23/104930817.pdf
4fc0567545c1498b0d25f728,104930817,2,4,23,1910,f,https://timesmachine.nytimes.com/timesmachine/1910/04/23/104930817.pdf
4fc05bc645c1498b0d277dd8,101735609,1,3,27,1909,m,https://timesmachine.nytimes.com/timesmachine/1909/03/27/101735609.pdf
4fc05bc645c1498b0d277dd8,101735609,2,3,27,1909,m,https://timesmachine.nytimes.com/timesmachine/1909/03/27/101735609.pdf
4fc05bc645c1498b0d277dd8,101735609,3,3,27,1909,m,https://timesmachine.nytimes.com/timesmachine/1909/03/27/101735609.pdf
4fc04a8345c1498b0d22afe9,104706720,1,8,24,1907,f,https://timesmachine.nytimes.com/timesmachine/1907/08/24/104706720.pdf
4fc05c3b45c1498b0d27a26a,106719108,1,6,5,1909,m,https://timesmachine.nytimes.com/timesmachine/1909/06/05/106719108.pdf
4fc05c3b45c1498b0d27a26a,106719108,2,6,5,1909,m,https://timesmachine.nytimes.com/timesmachine/1909/06/05/106719108.pdf
4fc057e145c1498b0d266801,106756062,1,6,22,1907,m,https://timesmachine.nytimes.com/timesmachine/1907/06/22/106756062.pdf
4fc0644645c1498b0d29e9fc,104831328,1,7,30,1911,m,https://timesmachine.nytimes.com/timesmachine/1911/07/30/104831328.pdf
4fc0644645c1498b0d29e9fc,104831328,2,7,30,1911,m,https://timesmachine.nytimes.com/timesmachine/1911/07/30/104831328.pdf
4fc0644645c1498b0d29e9fc,104831328,3,7,30,1911,m,https://timesmachine.nytimes.com/timesmachine/1911/07/30/104831328.pdf
4fc058fd45c1498b0d26aa0c,100579417,1,1,7,1912,m,https://timesmachine.nytimes.com/timesmachine/1912/01/07/100579417.pdf
4fc058fd45c1498b0d26aa0c,100579417,2,1,7,1912,f,https://timesmachine.nytimes.com/timesmachine/1912/01/07/100579417.pdf
4fc058fd45c1498b0d26aa0c,100579417,3,1,7,1912,none,https://timesmachine.nytimes.com/timesmachine/1912/01/07/100579417.pdf
4fc055be45c1498b0d25c517,101740331,1,6,19,1909,f,https://timesmachine.nytimes.com/timesmachine/1909/06/19/101740331.pdf
4fc055be45c1498b0d25c517,101740331,2,6,19,1909,m,https://timesmachine.nytimes.com/timesmachine/1909/06/19/101740331.pdf
4fc055be45c1498b0d25c517,101740331,3,6,19,1909,m,https://timesmachine.nytimes.com/timesmachine/1909/06/19/101740331.pdf
4fc055be45c1498b0d25c517,101740331,4,6,19,1909,m,https://timesmachine.nytimes.com/timesmachine/1909/06/19/101740331.pdf
4fc086f345c1498b0d343392,104648177,1,6,20,1915,none,https://timesmachine.nytimes.com/timesmachine/1915/06/20/104648177.pdf
4fc086f345c1498b0d343392,104648177,2,6,20,1915,m,https://timesmachine.nytimes.com/timesmachine/1915/06/20/104648177.pdf
4fc086f345c1498b0d343392,104648177,3,6,20,1915,m,https://timesmachine.nytimes.com/timesmachine/1915/06/20/104648177.pdf
4fc086f345c1498b0d343392,104648177,4,6,20,1915,m,https://timesmachine.nytimes.com/timesmachine/1915/06/20/104648177.pdf
4fc086f345c1498b0d343392,104648177,5,6,20,1915,f,https://timesmachine.nytimes.com/timesmachine/1915/06/20/104648177.pdf
4fc086f345c1498b0d343392,104648177,6,6,20,1915,m,https://timesmachine.nytimes.com/timesmachine/1915/06/20/104648177.pdf
4fc06b2545c1498b0d2be61f,100267637,1,5,25,1913,m,https://timesmachine.nytimes.com/timesmachine/1913/05/25/100267637.pdf
4fc06b2545c1498b0d2be61f,100267637,2,5,25,1913,m,https://timesmachine.nytimes.com/timesmachine/1913/05/25/100267637.pdf
4fc086f345c1498b0d3433b9,301808532,1,6,27,1915,m,https://timesmachine.nytimes.com/timesmachine/1915/06/27/301808532.pdf
4fc086f345c1498b0d3433b9,301808532,2,6,27,1915,none,https://timesmachine.nytimes.com/timesmachine/1915/06/27/301808532.pdf
4fc086f345c1498b0d3433b9,301808532,3,6,27,1915,dual,https://timesmachine.nytimes.com/timesmachine/1915/06/27/301808532.pdf
4fc086f345c1498b0d3433b9,301808532,4,6,27,1915,f,https://timesmachine.nytimes.com/timesmachine/1915/06/27/301808532.pdf
4fc086f345c1498b0d3433b9,301808532,5,6,27,1915,m,https://timesmachine.nytimes.com/timesmachine/1915/06/27/301808532.pdf
4fc086f345c1498b0d3433b9,301808532,6,6,27,1915,f,https://timesmachine.nytimes.com/timesmachine/1915/06/27/301808532.pdf
4fc086f345c1498b0d3433b9,301808532,7,6,27,1915,m,https://timesmachine.nytimes.com/timesmachine/1915/06/27/301808532.pdf
4fc086f345c1498b0d3433b9,301808532,8,6,27,1915,m,https://timesmachine.nytimes.com/timesmachine/1915/06/27/301808532.pdf
4fc06b5c45c1498b0d2bf6e4,100627751,1,6,8,1913,f,https://timesmachine.nytimes.com/timesmachine/1913/06/08/100627751.pdf
4fc059ea45c1498b0d26ebdc,100579433,1,1,7,1912,m,https://timesmachine.nytimes.com/timesmachine/1912/01/07/100579433.pdf
4fc059ea45c1498b0d26ebdc,100579433,2,1,7,1912,m,https://timesmachine.nytimes.com/timesmachine/1912/01/07/100579433.pdf
4fc061a245c1498b0d292572,104015739,1,7,25,1915,m,https://timesmachine.nytimes.com/timesmachine/1915/07/25/104015739.pdf
4fc07f0c45c1498b0d321088,100661675,1,11,16,1913,none,https://timesmachine.nytimes.com/timesmachine/1913/11/16/100661675.pdf
4fc094c845c1498b0d3840a2,118318986,1,5,23,1920,m,https://timesmachine.nytimes.com/timesmachine/1920/05/23/118318986.pdf
4fc094c845c1498b0d3840a2,118318986,2,5,23,1920,m,https://timesmachine.nytimes.com/timesmachine/1920/05/23/118318986.pdf
4fc0576445c1498b0d263f7d,104831339,1,7,30,1911,f,https://timesmachine.nytimes.com/timesmachine/1911/07/30/104831339.pdf
4fc0576445c1498b0d263f7d,104831339,2,7,30,1911,f,https://timesmachine.nytimes.com/timesmachine/1911/07/30/104831339.pdf
4fc0576445c1498b0d263f7d,104831339,3,7,30,1911,m,https://timesmachine.nytimes.com/timesmachine/1911/07/30/104831339.pdf
4fc0576445c1498b0d263f7d,104831339,4,7,30,1911,none,https://timesmachine.nytimes.com/timesmachine/1911/07/30/104831339.pdf
4fc0576445c1498b0d263f7d,104831339,5,7,30,1911,dual,https://timesmachine.nytimes.com/timesmachine/1911/07/30/104831339.pdf
4fc07a3645c1498b0d309dc7,107088555,1,12,17,1922,m,https://timesmachine.nytimes.com/timesmachine/1922/12/17/107088555.pdf
4fc07a3645c1498b0d309dc7,107088555,2,12,17,1922,m,https://timesmachine.nytimes.com/timesmachine/1922/12/17/107088555.pdf
4fc07a3645c1498b0d309dc7,107088555,3,12,17,1922,m,https://timesmachine.nytimes.com/timesmachine/1922/12/17/107088555.pdf
4fc07a3645c1498b0d309dc7,107088555,4,12,17,1922,none,https://timesmachine.nytimes.com/timesmachine/1922/12/17/107088555.pdf
4fc07a3645c1498b0d309dc7,107088555,5,12,17,1922,m,https://timesmachine.nytimes.com/timesmachine/1922/12/17/107088555.pdf
4fc0597545c1498b0d26cd5a,104855720,1,1,21,1911,m,https://timesmachine.nytimes.com/timesmachine/1911/01/21/104855720.pdf
4fc053d045c1498b0d253d11,104817107,1,1,7,1911,f,https://timesmachine.nytimes.com/timesmachine/1911/01/07/104817107.pdf
4fc053d045c1498b0d253d11,104817107,2,1,7,1911,none,https://timesmachine.nytimes.com/timesmachine/1911/01/07/104817107.pdf
4fc0703b45c1498b0d2d8ac2,109799842,1,10,3,1920,f,https://timesmachine.nytimes.com/timesmachine/1920/10/03/109799842.pdf
4fc0703b45c1498b0d2d8ac2,109799842,2,10,3,1920,m,https://timesmachine.nytimes.com/timesmachine/1920/10/03/109799842.pdf
4fc0703b45c1498b0d2d8ac2,109799842,3,10,3,1920,f,https://timesmachine.nytimes.com/timesmachine/1920/10/03/109799842.pdf
4fc0703b45c1498b0d2d8ac2,109799842,4,10,3,1920,none,https://timesmachine.nytimes.com/timesmachine/1920/10/03/109799842.pdf
4fc0703b45c1498b0d2d8ac2,109799842,5,10,3,1920,m,https://timesmachine.nytimes.com/timesmachine/1920/10/03/109799842.pdf
4fc0703b45c1498b0d2d8ac2,109799842,6,10,3,1920,f,https://timesmachine.nytimes.com/timesmachine/1920/10/03/109799842.pdf
4fc07c5045c1498b0d3141af,113317636,1,10,31,1920,m,https://timesmachine.nytimes.com/timesmachine/1920/10/31/113317636.pdf
4fc07c5045c1498b0d3141af,113317636,2,10,31,1920,f,https://timesmachine.nytimes.com/timesmachine/1920/10/31/113317636.pdf
4fc07c5045c1498b0d3141af,113317636,3,10,31,1920,m,https://timesmachine.nytimes.com/timesmachine/1920/10/31/113317636.pdf
4fc07c5045c1498b0d3141af,113317636,4,10,31,1920,m,https://timesmachine.nytimes.com/timesmachine/1920/10/31/113317636.pdf
4fc07c5045c1498b0d3141af,113317636,5,10,31,1920,m,https://timesmachine.nytimes.com/timesmachine/1920/10/31/113317636.pdf
4fc0585345c1498b0d26830e,104886869,1,12,17,1911,f,https://timesmachine.nytimes.com/timesmachine/1911/12/17/104886869.pdf
4fc0585345c1498b0d26830e,104886869,2,12,17,1911,m,https://timesmachine.nytimes.com/timesmachine/1911/12/17/104886869.pdf
4fc055c945c1498b0d25d239,101037327,1,8,7,1909,f,https://timesmachine.nytimes.com/timesmachine/1909/08/07/101037327.pdf
4fc06b9145c1498b0d2c0753,119030205,1,5,23,1915,m,https://timesmachine.nytimes.com/timesmachine/1915/05/23/119030205.pdf
4fc05eaa45c1498b0d283cac,106736110,1,1,12,1907,m,https://timesmachine.nytimes.com/timesmachine/1907/01/12/106736110.pdf
4fc097a345c1498b0d39224f,104029749,1,1,27,1924,f,https://timesmachine.nytimes.com/timesmachine/1924/01/27/104029749.pdf
4fc097a345c1498b0d39224f,104029749,2,1,27,1924,m,https://timesmachine.nytimes.com/timesmachine/1924/01/27/104029749.pdf
4fc097a345c1498b0d39224f,104029749,3,1,27,1924,f,https://timesmachine.nytimes.com/timesmachine/1924/01/27/104029749.pdf
4fc097a345c1498b0d39224f,104029749,4,1,27,1924,f,https://timesmachine.nytimes.com/timesmachine/1924/01/27/104029749.pdf
4fc097a345c1498b0d39224f,104029749,5,1,27,1924,f,https://timesmachine.nytimes.com/timesmachine/1924/01/27/104029749.pdf
4fc097a345c1498b0d39224f,104029749,6,1,27,1924,none,https://timesmachine.nytimes.com/timesmachine/1924/01/27/104029749.pdf
4fc097a345c1498b0d39224f,104029749,7,1,27,1924,none,https://timesmachine.nytimes.com/timesmachine/1924/01/27/104029749.pdf
4fc097a345c1498b0d39224f,104029749,8,1,27,1924,m,https://timesmachine.nytimes.com/timesmachine/1924/01/27/104029749.pdf
4fc097a345c1498b0d39224f,104029749,9,1,27,1924,m,https://timesmachine.nytimes.com/timesmachine/1924/01/27/104029749.pdf
4fc097a345c1498b0d39224f,104029749,10,1,27,1924,m,https://timesmachine.nytimes.com/timesmachine/1924/01/27/104029749.pdf
4fc097a345c1498b0d39224f,104029749,11,1,27,1924,f,https://timesmachine.nytimes.com/timesmachine/1924/01/27/104029749.pdf
4fc097a345c1498b0d39224f,104029749,12,1,27,1924,m,https://timesmachine.nytimes.com/timesmachine/1924/01/27/104029749.pdf
4fc097a345c1498b0d39224f,104029749,13,1,27,1924,m,https://timesmachine.nytimes.com/timesmachine/1924/01/27/104029749.pdf
4fc0593945c1498b0d26bb0f,119123035,1,3,17,1906,none,https://timesmachine.nytimes.com/timesmachine/1906/03/17/119123035.pdf
4fc0593945c1498b0d26bb0f,119123035,2,3,17,1906,f,https://timesmachine.nytimes.com/timesmachine/1906/03/17/119123035.pdf
4fc06c2d45c1498b0d2c38bd,101572889,1,4,2,1916,m,https://timesmachine.nytimes.com/timesmachine/1916/04/02/101572889.pdf
4fc06c2d45c1498b0d2c38bd,101572889,2,4,2,1916,f,https://timesmachine.nytimes.com/timesmachine/1916/04/02/101572889.pdf
4fc06c2d45c1498b0d2c38bd,101572889,3,4,2,1916,m,https://timesmachine.nytimes.com/timesmachine/1916/04/02/101572889.pdf
4fc06c2d45c1498b0d2c38bd,101572889,4,4,2,1916,m,https://timesmachine.nytimes.com/timesmachine/1916/04/02/101572889.pdf
4fc06c2d45c1498b0d2c38bd,101572889,5,4,2,1916,m,https://timesmachine.nytimes.com/timesmachine/1916/04/02/101572889.pdf
4fc05ee945c1498b0d2851dd,100629683,1,6,15,1913,m,https://timesmachine.nytimes.com/timesmachine/1913/06/15/100629683.pdf
4fc068e445c1498b0d2b419f,105456747,1,8,2,1914,f,https://timesmachine.nytimes.com/timesmachine/1914/08/02/105456747.pdf
4fc068e445c1498b0d2b419f,105456747,2,8,2,1914,m,https://timesmachine.nytimes.com/timesmachine/1914/08/02/105456747.pdf
4fc0795745c1498b0d305259,104880966,1,11,5,1911,f,https://timesmachine.nytimes.com/timesmachine/1911/11/05/104880966.pdf
4fc0795745c1498b0d305259,104880966,2,11,5,1911,m,https://timesmachine.nytimes.com/timesmachine/1911/11/05/104880966.pdf
4fc0496045c1498b0d2257d0,106740336,1,2,16,1907,f,https://timesmachine.nytimes.com/timesmachine/1907/02/16/106740336.pdf
4fc0496045c1498b0d2257d0,106740336,2,2,16,1907,f,https://timesmachine.nytimes.com/timesmachine/1907/02/16/106740336.pdf
4fc0496045c1498b0d2257d0,106740336,3,2,16,1907,m,https://timesmachine.nytimes.com/timesmachine/1907/02/16/106740336.pdf
4fc08b6a45c1498b0d358193,102359453,1,8,12,1917,f,https://timesmachine.nytimes.com/timesmachine/1917/08/12/102359453.pdf
4fc0509945c1498b0d245bb2,106766909,1,11,9,1907,dual,https://timesmachine.nytimes.com/timesmachine/1907/11/09/106766909.pdf
4fc04bb445c1498b0d230adc,106751337,1,5,4,1907,f,https://timesmachine.nytimes.com/timesmachine/1907/05/04/106751337.pdf
4fc04bb445c1498b0d230adc,106751337,2,5,4,1907,m,https://timesmachine.nytimes.com/timesmachine/1907/05/04/106751337.pdf
4fc0aa1145c1498b0d3e7582,107080641,1,11,12,1922,f,https://timesmachine.nytimes.com/timesmachine/1922/11/12/107080641.pdf
4fc0aa1145c1498b0d3e7582,107080641,2,11,12,1922,m,https://timesmachine.nytimes.com/timesmachine/1922/11/12/107080641.pdf
4fc0aa1145c1498b0d3e7582,107080641,3,11,12,1922,m,https://timesmachine.nytimes.com/timesmachine/1922/11/12/107080641.pdf
4fc0aa1145c1498b0d3e7582,107080641,4,11,12,1922,none,https://timesmachine.nytimes.com/timesmachine/1922/11/12/107080641.pdf
4fc0aa1145c1498b0d3e7582,107080641,5,11,12,1922,none,https://timesmachine.nytimes.com/timesmachine/1922/11/12/107080641.pdf
4fc0aa1145c1498b0d3e7582,107080641,6,11,12,1922,none,https://timesmachine.nytimes.com/timesmachine/1922/11/12/107080641.pdf
4fc0aa1145c1498b0d3e7582,107080641,7,11,12,1922,m,https://timesmachine.nytimes.com/timesmachine/1922/11/12/107080641.pdf
4fc0aa1145c1498b0d3e7582,107080641,8,11,12,1922,m,https://timesmachine.nytimes.com/timesmachine/1922/11/12/107080641.pdf
4fc0aa1145c1498b0d3e7582,107080641,9,11,12,1922,f,https://timesmachine.nytimes.com/timesmachine/1922/11/12/107080641.pdf
4fc0aa1145c1498b0d3e7582,107080641,10,11,12,1922,m,https://timesmachine.nytimes.com/timesmachine/1922/11/12/107080641.pdf
4fc0aa1145c1498b0d3e7582,107080641,11,11,12,1922,m,https://timesmachine.nytimes.com/timesmachine/1922/11/12/107080641.pdf
4fc0524945c1498b0d24d8c2,105010859,1,9,5,1908,f,https://timesmachine.nytimes.com/timesmachine/1908/09/05/105010859.pdf
4fc0524945c1498b0d24d8c2,105010859,2,9,5,1908,m,https://timesmachine.nytimes.com/timesmachine/1908/09/05/105010859.pdf
4fc05bbf45c1498b0d2770e4,104714045,1,1,4,1908,f,https://timesmachine.nytimes.com/timesmachine/1908/01/04/104714045.pdf
4fc05bbf45c1498b0d2770e4,104714045,2,1,4,1908,m,https://timesmachine.nytimes.com/timesmachine/1908/01/04/104714045.pdf
4fc04e7a45c1498b0d23cc4b,104767237,1,11,7,1908,f,https://timesmachine.nytimes.com/timesmachine/1908/11/07/104767237.pdf
4fc04e7a45c1498b0d23cc4b,104767237,2,11,7,1908,f,https://timesmachine.nytimes.com/timesmachine/1908/11/07/104767237.pdf
4fc0617445c1498b0d291c92,104767246,1,11,7,1908,f,https://timesmachine.nytimes.com/timesmachine/1908/11/07/104767246.pdf
4fc0617445c1498b0d291c92,104767246,2,11,7,1908,none,https://timesmachine.nytimes.com/timesmachine/1908/11/07/104767246.pdf
4fc0617445c1498b0d291c92,104767246,3,11,7,1908,m,https://timesmachine.nytimes.com/timesmachine/1908/11/07/104767246.pdf
4fc0617445c1498b0d291c92,104767246,4,11,7,1908,none,https://timesmachine.nytimes.com/timesmachine/1908/11/07/104767246.pdf
4fc068e345c1498b0d2b415e,100323837,1,6,28,1914,f,https://timesmachine.nytimes.com/timesmachine/1914/06/28/100323837.pdf
4fc068e345c1498b0d2b415e,100323837,2,6,28,1914,m,https://timesmachine.nytimes.com/timesmachine/1914/06/28/100323837.pdf
4fc05f5545c1498b0d286dae,100303190,1,3,15,1914,m,https://timesmachine.nytimes.com/timesmachine/1914/03/15/100303190.pdf
4fc05f5545c1498b0d286dae,100303190,2,3,15,1914,f,https://timesmachine.nytimes.com/timesmachine/1914/03/15/100303190.pdf
4fc05f5545c1498b0d286dae,100303190,3,3,15,1914,f,https://timesmachine.nytimes.com/timesmachine/1914/03/15/100303190.pdf
4fc05f5545c1498b0d286dae,100303190,4,3,15,1914,m,https://timesmachine.nytimes.com/timesmachine/1914/03/15/100303190.pdf
4fc05f5545c1498b0d286dae,100303190,5,3,15,1914,none,https://timesmachine.nytimes.com/timesmachine/1914/03/15/100303190.pdf
4fc05f5545c1498b0d286dae,100303190,6,3,15,1914,f,https://timesmachine.nytimes.com/timesmachine/1914/03/15/100303190.pdf
4fc05f5545c1498b0d286dae,100303190,7,3,15,1914,m,https://timesmachine.nytimes.com/timesmachine/1914/03/15/100303190.pdf
4fc05f5545c1498b0d286dae,100303190,8,3,15,1914,f,https://timesmachine.nytimes.com/timesmachine/1914/03/15/100303190.pdf
4fc05f5545c1498b0d286dae,100303190,9,3,15,1914,m,https://timesmachine.nytimes.com/timesmachine/1914/03/15/100303190.pdf
4fc05f5545c1498b0d286dae,100303190,10,3,15,1914,m,https://timesmachine.nytimes.com/timesmachine/1914/03/15/100303190.pdf
4fc05f5545c1498b0d286dae,100303190,11,3,15,1914,m,https://timesmachine.nytimes.com/timesmachine/1914/03/15/100303190.pdf
4fc05f5545c1498b0d286dae,100303190,12,3,15,1914,none,https://timesmachine.nytimes.com/timesmachine/1914/03/15/100303190.pdf
4fc05f5545c1498b0d286dae,100303190,13,3,15,1914,f,https://timesmachine.nytimes.com/timesmachine/1914/03/15/100303190.pdf
4fc05f5545c1498b0d286dae,100303190,14,3,15,1914,m,https://timesmachine.nytimes.com/timesmachine/1914/03/15/100303190.pdf
4fc05f5545c1498b0d286dae,100303190,15,3,15,1914,m,https://timesmachine.nytimes.com/timesmachine/1914/03/15/100303190.pdf
4fc05f5545c1498b0d286dae,100303190,16,3,15,1914,none,https://timesmachine.nytimes.com/timesmachine/1914/03/15/100303190.pdf
4fc05f5545c1498b0d286dae,100303190,17,3,15,1914,none,https://timesmachine.nytimes.com/timesmachine/1914/03/15/100303190.pdf
4fc05f5545c1498b0d286dae,100303190,18,3,15,1914,m,https://timesmachine.nytimes.com/timesmachine/1914/03/15/100303190.pdf
4fc055c645c1498b0d25cf39,101041942,1,11,20,1909,f,https://timesmachine.nytimes.com/timesmachine/1909/11/20/101041942.pdf
4fc05fd045c1498b0d289d08,106716723,1,10,3,1908,f,https://timesmachine.nytimes.com/timesmachine/1908/10/03/106716723.pdf
4fc05fd045c1498b0d289d08,106716723,2,10,3,1908,m,https://timesmachine.nytimes.com/timesmachine/1908/10/03/106716723.pdf
4fc05fd045c1498b0d289d08,106716723,3,10,3,1908,m,https://timesmachine.nytimes.com/timesmachine/1908/10/03/106716723.pdf
4fc05fd045c1498b0d289d08,106716723,4,10,3,1908,m,https://timesmachine.nytimes.com/timesmachine/1908/10/03/106716723.pdf
4fc04b7345c1498b0d22f9e4,104805703,1,6,13,1908,f,https://timesmachine.nytimes.com/timesmachine/1908/06/13/104805703.pdf
4fc0524945c1498b0d24d8a4,104756143,1,9,19,1908,f,https://timesmachine.nytimes.com/timesmachine/1908/09/19/104756143.pdf
4fc0524945c1498b0d24d8a4,104756143,2,9,19,1908,m,https://timesmachine.nytimes.com/timesmachine/1908/09/19/104756143.pdf
4fc0524945c1498b0d24d8a4,104756143,3,9,19,1908,m,https://timesmachine.nytimes.com/timesmachine/1908/09/19/104756143.pdf
4fc0524545c1498b0d24d3e3,104765114,1,10,23,1908,f,https://timesmachine.nytimes.com/timesmachine/1908/10/23/104765114.pdf
4fc05fcf45c1498b0d289bbe,106716715,1,10,3,1908,f,https://timesmachine.nytimes.com/timesmachine/1908/10/03/106716715.pdf
4fc05fcf45c1498b0d289bbe,106716715,2,10,3,1908,f,https://timesmachine.nytimes.com/timesmachine/1908/10/03/106716715.pdf
4fc05fcf45c1498b0d289bbe,106716715,3,10,3,1908,f,https://timesmachine.nytimes.com/timesmachine/1908/10/03/106716715.pdf
4fc04be945c1498b0d230cd1,104714017,1,1,4,1908,m,https://timesmachine.nytimes.com/timesmachine/1908/01/04/104714017.pdf
4fc04be945c1498b0d230cd1,104714017,2,1,4,1908,f,https://timesmachine.nytimes.com/timesmachine/1908/01/04/104714017.pdf
4fc049e245c1498b0d2284a4,104722096,1,4,4,1908,f,https://timesmachine.nytimes.com/timesmachine/1908/04/04/104722096.pdf
4fc049e245c1498b0d2284a4,104722096,2,4,4,1908,m,https://timesmachine.nytimes.com/timesmachine/1908/04/04/104722096.pdf
4fc049e245c1498b0d2284a4,104722096,3,4,4,1908,m,https://timesmachine.nytimes.com/timesmachine/1908/04/04/104722096.pdf
4fc049e245c1498b0d2284a4,104722096,4,4,4,1908,m,https://timesmachine.nytimes.com/timesmachine/1908/04/04/104722096.pdf
4fc04e6e45c1498b0d23c03c,104714028,1,1,4,1908,m,https://timesmachine.nytimes.com/timesmachine/1908/01/04/104714028.pdf
4fc04e6e45c1498b0d23c03c,104714028,2,1,4,1908,f,https://timesmachine.nytimes.com/timesmachine/1908/01/04/104714028.pdf
4fc04e6e45c1498b0d23c03c,104714028,3,1,4,1908,m,https://timesmachine.nytimes.com/timesmachine/1908/01/04/104714028.pdf
4fc05fd045c1498b0d289c55,104740399,1,7,18,1908,f,https://timesmachine.nytimes.com/timesmachine/1908/07/18/104740399.pdf
4fc05fd045c1498b0d289c55,104740399,2,7,18,1908,m,https://timesmachine.nytimes.com/timesmachine/1908/07/18/104740399.pdf
4fc05fd045c1498b0d289c55,104740399,3,7,18,1908,m,https://timesmachine.nytimes.com/timesmachine/1908/07/18/104740399.pdf
4fc05fd045c1498b0d289c55,104740399,4,7,18,1908,none,https://timesmachine.nytimes.com/timesmachine/1908/07/18/104740399.pdf
4fc04b3045c1498b0d22db76,104795712,1,2,1,1908,m,https://timesmachine.nytimes.com/timesmachine/1908/02/01/104795712.pdf
4fc04b3045c1498b0d22db76,104795712,2,2,1,1908,m,https://timesmachine.nytimes.com/timesmachine/1908/02/01/104795712.pdf
4fc04b3545c1498b0d22e5ff,105597737,1,5,9,1908,m,https://timesmachine.nytimes.com/timesmachine/1908/05/09/105597737.pdf
4fc04b3545c1498b0d22e5ff,105597737,2,5,9,1908,m,https://timesmachine.nytimes.com/timesmachine/1908/05/09/105597737.pdf
4fc04b3545c1498b0d22e5ff,105597737,3,5,9,1908,m,https://timesmachine.nytimes.com/timesmachine/1908/05/09/105597737.pdf
4fc04b3545c1498b0d22e5ff,105597737,4,5,9,1908,none,https://timesmachine.nytimes.com/timesmachine/1908/05/09/105597737.pdf
4fc05add45c1498b0d273a19,104805707,1,6,13,1908,m,https://timesmachine.nytimes.com/timesmachine/1908/06/13/104805707.pdf
4fc05add45c1498b0d273a19,104805707,2,6,13,1908,f,https://timesmachine.nytimes.com/timesmachine/1908/06/13/104805707.pdf
4fc05c3245c1498b0d2793bf,101862701,1,1,23,1909,f,https://timesmachine.nytimes.com/timesmachine/1909/01/23/101862701.pdf
4fc05c3245c1498b0d2793bf,101862701,2,1,23,1909,m,https://timesmachine.nytimes.com/timesmachine/1909/01/23/101862701.pdf
4fc05c3245c1498b0d2793bf,101862701,3,1,23,1909,m,https://timesmachine.nytimes.com/timesmachine/1909/01/23/101862701.pdf
4fc05ce745c1498b0d27d158,101033527,1,2,27,1909,f,https://timesmachine.nytimes.com/timesmachine/1909/02/27/101033527.pdf
4fc05ce745c1498b0d27d158,101033527,2,2,27,1909,m,https://timesmachine.nytimes.com/timesmachine/1909/02/27/101033527.pdf
4fc05ce745c1498b0d27d158,101033527,3,2,27,1909,m,https://timesmachine.nytimes.com/timesmachine/1909/02/27/101033527.pdf
4fc05ce745c1498b0d27d158,101033527,4,2,27,1909,f,https://timesmachine.nytimes.com/timesmachine/1909/02/27/101033527.pdf
4fc05ce745c1498b0d27d158,101033527,5,2,27,1909,m,https://timesmachine.nytimes.com/timesmachine/1909/02/27/101033527.pdf
4fc04c6045c1498b0d2338d1,106118857,1,5,22,1909,f,https://timesmachine.nytimes.com/timesmachine/1909/05/22/106118857.pdf
4fc04c6045c1498b0d2338d1,106118857,2,5,22,1909,f,https://timesmachine.nytimes.com/timesmachine/1909/05/22/106118857.pdf
4fc04bf145c1498b0d231a6d,101030298,1,9,18,1909,f,https://timesmachine.nytimes.com/timesmachine/1909/09/18/101030298.pdf
4fc04bf145c1498b0d231a6d,101030298,2,9,18,1909,f,https://timesmachine.nytimes.com/timesmachine/1909/09/18/101030298.pdf
4fc04bf145c1498b0d231a6d,101030298,3,9,18,1909,m,https://timesmachine.nytimes.com/timesmachine/1909/09/18/101030298.pdf
4fc05c3345c1498b0d279532,101033508,1,2,27,1909,f,https://timesmachine.nytimes.com/timesmachine/1909/02/27/101033508.pdf
4fc05c3345c1498b0d279532,101033508,2,2,27,1909,m,https://timesmachine.nytimes.com/timesmachine/1909/02/27/101033508.pdf
4fc04e7b45c1498b0d23ce8a,101030293,1,9,18,1909,f,https://timesmachine.nytimes.com/timesmachine/1909/09/18/101030293.pdf
4fc04e7b45c1498b0d23ce8a,101030293,2,9,18,1909,m,https://timesmachine.nytimes.com/timesmachine/1909/09/18/101030293.pdf
4fc058be45c1498b0d269908,105072733,1,1,8,1910,m,https://timesmachine.nytimes.com/timesmachine/1910/01/08/105072733.pdf
4fc058be45c1498b0d269908,105072733,2,1,8,1910,f,https://timesmachine.nytimes.com/timesmachine/1910/01/08/105072733.pdf
4fc04fe045c1498b0d24236b,104920930,1,2,12,1910,m,https://timesmachine.nytimes.com/timesmachine/1910/02/12/104920930.pdf
4fc0680545c1498b0d2affab,101315677,1,4,16,1910,m,https://timesmachine.nytimes.com/timesmachine/1910/04/16/101315677.pdf
4fc0680545c1498b0d2affab,101315677,2,4,16,1910,m,https://timesmachine.nytimes.com/timesmachine/1910/04/16/101315677.pdf
4fc04d8a45c1498b0d2384d9,101315687,1,4,16,1910,f,https://timesmachine.nytimes.com/timesmachine/1910/04/16/101315687.pdf
4fc04d8a45c1498b0d2384d9,101315687,2,4,16,1910,m,https://timesmachine.nytimes.com/timesmachine/1910/04/16/101315687.pdf
4fc0588145c1498b0d268c0b,101315699,1,4,16,1910,m,https://timesmachine.nytimes.com/timesmachine/1910/04/16/101315699.pdf
4fc0588145c1498b0d268c0b,101315699,2,4,16,1910,m,https://timesmachine.nytimes.com/timesmachine/1910/04/16/101315699.pdf
4fc07ce545c1498b0d3168f8,100579426,1,1,7,1912,f,https://timesmachine.nytimes.com/timesmachine/1912/01/07/100579426.pdf
4fc07ce545c1498b0d3168f8,100579426,2,1,7,1912,m,https://timesmachine.nytimes.com/timesmachine/1912/01/07/100579426.pdf
4fc05a6545c1498b0d270dda,100345929,1,1,14,1912,m,https://timesmachine.nytimes.com/timesmachine/1912/01/14/100345929.pdf
4fc05a6545c1498b0d270dda,100345929,2,1,14,1912,m,https://timesmachine.nytimes.com/timesmachine/1912/01/14/100345929.pdf
4fc05a6545c1498b0d270dda,100345929,3,1,14,1912,m,https://timesmachine.nytimes.com/timesmachine/1912/01/14/100345929.pdf
4fc05a6545c1498b0d270dda,100345929,4,1,14,1912,f,https://timesmachine.nytimes.com/timesmachine/1912/01/14/100345929.pdf
4fc05a6545c1498b0d270dda,100345929,5,1,14,1912,f,https://timesmachine.nytimes.com/timesmachine/1912/01/14/100345929.pdf
4fc04d8945c1498b0d2384cb,101315686,1,4,16,1910,m,https://timesmachine.nytimes.com/timesmachine/1910/04/16/101315686.pdf
4fc04d8945c1498b0d2384cb,101315686,2,4,16,1910,f,https://timesmachine.nytimes.com/timesmachine/1910/04/16/101315686.pdf
4fc05ce345c1498b0d27cb4d,102036830,1,2,26,1910,f,https://timesmachine.nytimes.com/timesmachine/1910/02/26/102036830.pdf
4fc05ce345c1498b0d27cb4d,102036830,2,2,26,1910,f,https://timesmachine.nytimes.com/timesmachine/1910/02/26/102036830.pdf
4fc069e845c1498b0d2b9415,104935914,1,5,21,1910,f,https://timesmachine.nytimes.com/timesmachine/1910/05/21/104935914.pdf
4fc0680445c1498b0d2afe70,104926888,1,3,26,1910,m,https://timesmachine.nytimes.com/timesmachine/1910/03/26/104926888.pdf
4fc0680445c1498b0d2afe70,104926888,2,3,26,1910,f,https://timesmachine.nytimes.com/timesmachine/1910/03/26/104926888.pdf
4fc0680445c1498b0d2afe70,104926888,3,3,26,1910,m,https://timesmachine.nytimes.com/timesmachine/1910/03/26/104926888.pdf
4fc0588345c1498b0d268ffc,104949451,1,9,3,1910,f,https://timesmachine.nytimes.com/timesmachine/1910/09/03/104949451.pdf
4fc0588345c1498b0d268ffc,104949451,2,9,3,1910,m,https://timesmachine.nytimes.com/timesmachine/1910/09/03/104949451.pdf
4fc0588345c1498b0d268ffc,104949451,3,9,3,1910,m,https://timesmachine.nytimes.com/timesmachine/1910/09/03/104949451.pdf
4fc0588345c1498b0d268ffc,104949451,4,9,3,1910,m,https://timesmachine.nytimes.com/timesmachine/1910/09/03/104949451.pdf
4fc0588345c1498b0d268ffc,104949451,5,9,3,1910,m,https://timesmachine.nytimes.com/timesmachine/1910/09/03/104949451.pdf
4fc0588345c1498b0d268ffc,104949451,6,9,3,1910,none,https://timesmachine.nytimes.com/timesmachine/1910/09/03/104949451.pdf
4fc069e745c1498b0d2b9171,105073141,1,1,15,1910,m,https://timesmachine.nytimes.com/timesmachine/1910/01/15/105073141.pdf
4fc069e745c1498b0d2b9171,105073142,1,1,15,1910,m,https://timesmachine.nytimes.com/timesmachine/1910/01/15/105073142.pdf
4fc069e745c1498b0d2b9171,105073141,2,1,15,1910,f,https://timesmachine.nytimes.com/timesmachine/1910/01/15/105073141.pdf
4fc069e745c1498b0d2b9171,105073142,2,1,15,1910,f,https://timesmachine.nytimes.com/timesmachine/1910/01/15/105073142.pdf
4fc0576045c1498b0d2638f2,105096572,1,10,22,1910,none,https://timesmachine.nytimes.com/timesmachine/1910/10/22/105096572.pdf
4fc04fdf45c1498b0d2421ea,105073137,1,1,15,1910,m,https://timesmachine.nytimes.com/timesmachine/1910/01/15/105073137.pdf
4fc04fdf45c1498b0d2421ea,105073137,2,1,15,1910,f,https://timesmachine.nytimes.com/timesmachine/1910/01/15/105073137.pdf
4fc0684045c1498b0d2b1252,104937537,1,6,4,1910,f,https://timesmachine.nytimes.com/timesmachine/1910/06/04/104937537.pdf
4fc0684045c1498b0d2b1252,104937537,2,6,4,1910,f,https://timesmachine.nytimes.com/timesmachine/1910/06/04/104937537.pdf
4fc0684045c1498b0d2b1252,104937537,3,6,4,1910,m,https://timesmachine.nytimes.com/timesmachine/1910/06/04/104937537.pdf
4fc0684045c1498b0d2b1252,104937537,4,6,4,1910,none,https://timesmachine.nytimes.com/timesmachine/1910/06/04/104937537.pdf
4fc0684045c1498b0d2b1252,104937537,5,6,4,1910,m,https://timesmachine.nytimes.com/timesmachine/1910/06/04/104937537.pdf
4fc0684045c1498b0d2b1252,104937537,6,6,4,1910,m,https://timesmachine.nytimes.com/timesmachine/1910/06/04/104937537.pdf
4fc05aa045c1498b0d27249f,105094846,1,10,8,1910,f,https://timesmachine.nytimes.com/timesmachine/1910/10/08/105094846.pdf
4fc060c745c1498b0d28dff5,301778132,1,1,31,1915,m,https://timesmachine.nytimes.com/timesmachine/1915/01/31/301778132.pdf
4fc060c745c1498b0d28dff5,301778132,2,1,31,1915,f,https://timesmachine.nytimes.com/timesmachine/1915/01/31/301778132.pdf
4fc060c745c1498b0d28dff5,301778132,3,1,31,1915,f,https://timesmachine.nytimes.com/timesmachine/1915/01/31/301778132.pdf
4fc060c745c1498b0d28dff5,301778132,4,1,31,1915,m,https://timesmachine.nytimes.com/timesmachine/1915/01/31/301778132.pdf
4fc060c745c1498b0d28dff5,301778132,5,1,31,1915,m,https://timesmachine.nytimes.com/timesmachine/1915/01/31/301778132.pdf
4fc060c745c1498b0d28dff5,301778132,6,1,31,1915,m,https://timesmachine.nytimes.com/timesmachine/1915/01/31/301778132.pdf
4fc060c745c1498b0d28dff5,301778132,7,1,31,1915,none,https://timesmachine.nytimes.com/timesmachine/1915/01/31/301778132.pdf
4fc060c745c1498b0d28dff5,301778132,8,1,31,1915,f,https://timesmachine.nytimes.com/timesmachine/1915/01/31/301778132.pdf
4fc060c745c1498b0d28dff5,301778132,9,1,31,1915,f,https://timesmachine.nytimes.com/timesmachine/1915/01/31/301778132.pdf
4fc06d9745c1498b0d2caad8,301814812,1,9,5,1915,f,https://timesmachine.nytimes.com/timesmachine/1915/09/05/301814812.pdf
4fc06d9745c1498b0d2caad8,301814812,2,9,5,1915,m,https://timesmachine.nytimes.com/timesmachine/1915/09/05/301814812.pdf
4fc06d9745c1498b0d2caad8,301814812,3,9,5,1915,f,https://timesmachine.nytimes.com/timesmachine/1915/09/05/301814812.pdf
4fc06d9745c1498b0d2caad8,301814812,4,9,5,1915,m,https://timesmachine.nytimes.com/timesmachine/1915/09/05/301814812.pdf
4fc06d9745c1498b0d2caad8,301814812,5,9,5,1915,m,https://timesmachine.nytimes.com/timesmachine/1915/09/05/301814812.pdf
4fc06d9845c1498b0d2cabf5,101570513,1,10,31,1915,f,https://timesmachine.nytimes.com/timesmachine/1915/10/31/101570513.pdf
4fc06d9845c1498b0d2cabf5,101570513,2,10,31,1915,f,https://timesmachine.nytimes.com/timesmachine/1915/10/31/101570513.pdf
4fc06d9845c1498b0d2cabf5,101570513,3,10,31,1915,m,https://timesmachine.nytimes.com/timesmachine/1915/10/31/101570513.pdf
4fc06d9845c1498b0d2cabf5,101570513,4,10,31,1915,m,https://timesmachine.nytimes.com/timesmachine/1915/10/31/101570513.pdf
4fc06d9845c1498b0d2cabf5,101570513,5,10,31,1915,m,https://timesmachine.nytimes.com/timesmachine/1915/10/31/101570513.pdf
4fc06d9845c1498b0d2cabf5,101570513,6,10,31,1915,f,https://timesmachine.nytimes.com/timesmachine/1915/10/31/101570513.pdf
4fc06d9845c1498b0d2cabf5,101570513,7,10,31,1915,f,https://timesmachine.nytimes.com/timesmachine/1915/10/31/101570513.pdf
4fc06d9845c1498b0d2cabf5,101570513,8,10,31,1915,f,https://timesmachine.nytimes.com/timesmachine/1915/10/31/101570513.pdf
4fc06d9845c1498b0d2cabf5,101570513,9,10,31,1915,m,https://timesmachine.nytimes.com/timesmachine/1915/10/31/101570513.pdf
4fc06d9845c1498b0d2cabf5,101570513,10,10,31,1915,m,https://timesmachine.nytimes.com/timesmachine/1915/10/31/101570513.pdf
4fc06d9845c1498b0d2cabf5,101570513,11,10,31,1915,none,https://timesmachine.nytimes.com/timesmachine/1915/10/31/101570513.pdf
4fc060ca45c1498b0d28e523,99441586,1,10,1,1916,f,https://timesmachine.nytimes.com/timesmachine/1916/10/01/99441586.pdf
4fc08a1a45c1498b0d351823,100336738,1,2,20,1916,f,https://timesmachine.nytimes.com/timesmachine/1916/02/20/100336738.pdf
4fc08a1a45c1498b0d351823,100336738,2,2,20,1916,f,https://timesmachine.nytimes.com/timesmachine/1916/02/20/100336738.pdf
4fc08a1a45c1498b0d351823,100336738,3,2,20,1916,f,https://timesmachine.nytimes.com/timesmachine/1916/02/20/100336738.pdf
4fc06d6445c1498b0d2c96af,101573319,1,5,28,1916,m,https://timesmachine.nytimes.com/timesmachine/1916/05/28/101573319.pdf
4fc06d6445c1498b0d2c96af,101573319,2,5,28,1916,m,https://timesmachine.nytimes.com/timesmachine/1916/05/28/101573319.pdf
4fc06d6445c1498b0d2c96af,101573319,3,5,28,1916,f,https://timesmachine.nytimes.com/timesmachine/1916/05/28/101573319.pdf
4fc06d6445c1498b0d2c96af,101573319,4,5,28,1916,none,https://timesmachine.nytimes.com/timesmachine/1916/05/28/101573319.pdf
4fc06d6445c1498b0d2c96af,101573319,5,5,28,1916,none,https://timesmachine.nytimes.com/timesmachine/1916/05/28/101573319.pdf
4fc06d6445c1498b0d2c96af,101573319,6,5,28,1916,none,https://timesmachine.nytimes.com/timesmachine/1916/05/28/101573319.pdf
4fc0890145c1498b0d34c222,104025591,1,8,6,1916,f,https://timesmachine.nytimes.com/timesmachine/1916/08/06/104025591.pdf
4fc0890145c1498b0d34c222,104025591,2,8,6,1916,f,https://timesmachine.nytimes.com/timesmachine/1916/08/06/104025591.pdf
4fc0890145c1498b0d34c222,104025591,3,8,6,1916,m,https://timesmachine.nytimes.com/timesmachine/1916/08/06/104025591.pdf
4fc0890145c1498b0d34c222,104025591,4,8,6,1916,m,https://timesmachine.nytimes.com/timesmachine/1916/08/06/104025591.pdf
4fc0890145c1498b0d34c222,104025591,5,8,6,1916,none,https://timesmachine.nytimes.com/timesmachine/1916/08/06/104025591.pdf
4fc0890145c1498b0d34c222,104025591,6,8,6,1916,none,https://timesmachine.nytimes.com/timesmachine/1916/08/06/104025591.pdf
4fc071cf45c1498b0d2e0acd,100340666,1,11,12,1916,f,https://timesmachine.nytimes.com/timesmachine/1916/11/12/100340666.pdf
4fc071cf45c1498b0d2e0acd,100340666,2,11,12,1916,m,https://timesmachine.nytimes.com/timesmachine/1916/11/12/100340666.pdf
4fc071cf45c1498b0d2e0acd,100340666,3,11,12,1916,f,https://timesmachine.nytimes.com/timesmachine/1916/11/12/100340666.pdf
4fc071cf45c1498b0d2e0acd,100340666,4,11,12,1916,none,https://timesmachine.nytimes.com/timesmachine/1916/11/12/100340666.pdf
4fc06f0c45c1498b0d2d26a0,102671589,1,2,17,1918,m,https://timesmachine.nytimes.com/timesmachine/1918/02/17/102671589.pdf
4fc06f0c45c1498b0d2d26a0,102671589,2,2,17,1918,f,https://timesmachine.nytimes.com/timesmachine/1918/02/17/102671589.pdf
4fc06f0c45c1498b0d2d26a0,102671589,3,2,17,1918,m,https://timesmachine.nytimes.com/timesmachine/1918/02/17/102671589.pdf
4fc06f0c45c1498b0d2d26a0,102671589,4,2,17,1918,m,https://timesmachine.nytimes.com/timesmachine/1918/02/17/102671589.pdf
4fc06f0c45c1498b0d2d26a0,102671589,5,2,17,1918,m,https://timesmachine.nytimes.com/timesmachine/1918/02/17/102671589.pdf
4fc06f0c45c1498b0d2d26a0,102671589,6,2,17,1918,f,https://timesmachine.nytimes.com/timesmachine/1918/02/17/102671589.pdf
4fc06f0c45c1498b0d2d26a0,102671589,7,2,17,1918,none,https://timesmachine.nytimes.com/timesmachine/1918/02/17/102671589.pdf
4fc06f0c45c1498b0d2d26a0,102671589,8,2,17,1918,none,https://timesmachine.nytimes.com/timesmachine/1918/02/17/102671589.pdf
4fc06f0745c1498b0d2d1d3d,109328292,1,1,27,1918,f,https://timesmachine.nytimes.com/timesmachine/1918/01/27/109328292.pdf
4fc06f0745c1498b0d2d1d3d,109328292,2,1,27,1918,f,https://timesmachine.nytimes.com/timesmachine/1918/01/27/109328292.pdf
4fc06f0745c1498b0d2d1d3d,109328292,3,1,27,1918,f,https://timesmachine.nytimes.com/timesmachine/1918/01/27/109328292.pdf
4fc06f0745c1498b0d2d1d3d,109328292,4,1,27,1918,m,https://timesmachine.nytimes.com/timesmachine/1918/01/27/109328292.pdf
4fc078f445c1498b0d303d27,97074360,1,2,16,1919,f,https://timesmachine.nytimes.com/timesmachine/1919/02/16/97074360.pdf
4fc078f445c1498b0d303d27,97074360,2,2,16,1919,m,https://timesmachine.nytimes.com/timesmachine/1919/02/16/97074360.pdf
4fc078f445c1498b0d303d27,97074360,3,2,16,1919,m,https://timesmachine.nytimes.com/timesmachine/1919/02/16/97074360.pdf
4fc078f445c1498b0d303d27,97074360,4,2,16,1919,none,https://timesmachine.nytimes.com/timesmachine/1919/02/16/97074360.pdf
4fc078f445c1498b0d303d27,97074360,5,2,16,1919,none,https://timesmachine.nytimes.com/timesmachine/1919/02/16/97074360.pdf
4fc069bb45c1498b0d2b8e26,96327594,1,7,6,1919,f,https://timesmachine.nytimes.com/timesmachine/1919/07/06/96327594.pdf
4fc069bb45c1498b0d2b8e26,96327594,2,7,6,1919,none,https://timesmachine.nytimes.com/timesmachine/1919/07/06/96327594.pdf
4fc069bb45c1498b0d2b8e26,96327594,3,7,6,1919,m,https://timesmachine.nytimes.com/timesmachine/1919/07/06/96327594.pdf
4fc069bb45c1498b0d2b8e26,96327594,4,7,6,1919,none,https://timesmachine.nytimes.com/timesmachine/1919/07/06/96327594.pdf
4fc069bb45c1498b0d2b8e26,96327594,5,7,6,1919,m,https://timesmachine.nytimes.com/timesmachine/1919/07/06/96327594.pdf
4fc069bb45c1498b0d2b8e26,96327594,6,7,6,1919,m,https://timesmachine.nytimes.com/timesmachine/1919/07/06/96327594.pdf
4fc069bb45c1498b0d2b8e26,96327594,7,7,6,1919,f,https://timesmachine.nytimes.com/timesmachine/1919/07/06/96327594.pdf
4fc069bb45c1498b0d2b8e26,96327594,8,7,6,1919,none,https://timesmachine.nytimes.com/timesmachine/1919/07/06/96327594.pdf
4fc069bb45c1498b0d2b8e26,96327594,9,7,6,1919,none,https://timesmachine.nytimes.com/timesmachine/1919/07/06/96327594.pdf
4fc065cc45c1498b0d2a5a89,104237299,1,5,21,1916,f,https://timesmachine.nytimes.com/timesmachine/1916/05/21/104237299.pdf
4fc065cc45c1498b0d2a5a89,104237299,2,5,21,1916,none,https://timesmachine.nytimes.com/timesmachine/1916/05/21/104237299.pdf
4fc065cc45c1498b0d2a5a89,104237299,3,5,21,1916,none,https://timesmachine.nytimes.com/timesmachine/1916/05/21/104237299.pdf
4fc065cc45c1498b0d2a5a89,104237299,4,5,21,1916,m,https://timesmachine.nytimes.com/timesmachine/1916/05/21/104237299.pdf
4fc065cc45c1498b0d2a5a89,104237299,5,5,21,1916,m,https://timesmachine.nytimes.com/timesmachine/1916/05/21/104237299.pdf
4fc065cc45c1498b0d2a5a89,104237299,6,5,21,1916,none,https://timesmachine.nytimes.com/timesmachine/1916/05/21/104237299.pdf
4fc065cc45c1498b0d2a5a89,104237299,7,5,21,1916,f,https://timesmachine.nytimes.com/timesmachine/1916/05/21/104237299.pdf
4fc065cc45c1498b0d2a5a89,104237299,8,5,21,1916,none,https://timesmachine.nytimes.com/timesmachine/1916/05/21/104237299.pdf
4fc065cc45c1498b0d2a5a89,104237299,9,5,21,1916,m,https://timesmachine.nytimes.com/timesmachine/1916/05/21/104237299.pdf
4fc0713745c1498b0d2dd9ed,102312293,1,1,21,1917,m,https://timesmachine.nytimes.com/timesmachine/1917/01/21/102312293.pdf
4fc0713745c1498b0d2dd9ed,102312293,2,1,21,1917,none,https://timesmachine.nytimes.com/timesmachine/1917/01/21/102312293.pdf
4fc0713745c1498b0d2dd9ed,102312293,3,1,21,1917,f,https://timesmachine.nytimes.com/timesmachine/1917/01/21/102312293.pdf
4fc0713745c1498b0d2dd9ed,102312293,4,1,21,1917,f,https://timesmachine.nytimes.com/timesmachine/1917/01/21/102312293.pdf
4fc0713745c1498b0d2dd9ed,102312293,5,1,21,1917,m,https://timesmachine.nytimes.com/timesmachine/1917/01/21/102312293.pdf
4fc064ea45c1498b0d2a1536,102346229,1,5,20,1917,none,https://timesmachine.nytimes.com/timesmachine/1917/05/20/102346229.pdf
4fc064ea45c1498b0d2a1536,102346229,2,5,20,1917,f,https://timesmachine.nytimes.com/timesmachine/1917/05/20/102346229.pdf
4fc08b9845c1498b0d35884e,98250265,1,5,27,1917,f,https://timesmachine.nytimes.com/timesmachine/1917/05/27/98250265.pdf
4fc08b9845c1498b0d35884e,98250265,2,5,27,1917,m,https://timesmachine.nytimes.com/timesmachine/1917/05/27/98250265.pdf
4fc08b9845c1498b0d35884e,98250265,3,5,27,1917,m,https://timesmachine.nytimes.com/timesmachine/1917/05/27/98250265.pdf
4fc08b9845c1498b0d35884e,98250265,4,5,27,1917,f,https://timesmachine.nytimes.com/timesmachine/1917/05/27/98250265.pdf
4fc06bfe45c1498b0d2c2a09,96277626,1,10,14,1917,m,https://timesmachine.nytimes.com/timesmachine/1917/10/14/96277626.pdf
4fc06bfe45c1498b0d2c2a09,96277626,2,10,14,1917,m,https://timesmachine.nytimes.com/timesmachine/1917/10/14/96277626.pdf
4fc06bfe45c1498b0d2c2a09,96277626,3,10,14,1917,f,https://timesmachine.nytimes.com/timesmachine/1917/10/14/96277626.pdf
4fc06bfe45c1498b0d2c2a09,96277626,4,10,14,1917,m,https://timesmachine.nytimes.com/timesmachine/1917/10/14/96277626.pdf
4fc06bfe45c1498b0d2c2a09,96277626,5,10,14,1917,none,https://timesmachine.nytimes.com/timesmachine/1917/10/14/96277626.pdf
4fc06bfe45c1498b0d2c2a09,96277626,6,10,14,1917,none,https://timesmachine.nytimes.com/timesmachine/1917/10/14/96277626.pdf
4fc06bfe45c1498b0d2c2a09,96277626,7,10,14,1917,m,https://timesmachine.nytimes.com/timesmachine/1917/10/14/96277626.pdf
4fc06bfe45c1498b0d2c2a09,96277626,8,10,14,1917,none,https://timesmachine.nytimes.com/timesmachine/1917/10/14/96277626.pdf
4fc06bfe45c1498b0d2c2a09,96277626,9,10,14,1917,none,https://timesmachine.nytimes.com/timesmachine/1917/10/14/96277626.pdf
4fc06bfe45c1498b0d2c2a09,96277626,10,10,14,1917,m,https://timesmachine.nytimes.com/timesmachine/1917/10/14/96277626.pdf
4fc08e2945c1498b0d365825,98291866,1,9,7,1919,f,https://timesmachine.nytimes.com/timesmachine/1919/09/07/98291866.pdf
4fc08e2945c1498b0d365825,98291866,2,9,7,1919,m,https://timesmachine.nytimes.com/timesmachine/1919/09/07/98291866.pdf
4fc08e2945c1498b0d365825,98291866,3,9,7,1919,f,https://timesmachine.nytimes.com/timesmachine/1919/09/07/98291866.pdf
4fc08e2945c1498b0d365825,98291866,4,9,7,1919,none,https://timesmachine.nytimes.com/timesmachine/1919/09/07/98291866.pdf
4fc0698545c1498b0d2b7d6e,98253369,1,7,8,1917,f,https://timesmachine.nytimes.com/timesmachine/1917/07/08/98253369.pdf
4fc0698545c1498b0d2b7d6e,98253369,2,7,8,1917,f,https://timesmachine.nytimes.com/timesmachine/1917/07/08/98253369.pdf
4fc0698545c1498b0d2b7d6e,98253369,3,7,8,1917,f,https://timesmachine.nytimes.com/timesmachine/1917/07/08/98253369.pdf
4fc0698545c1498b0d2b7d6e,98253369,4,7,8,1917,none,https://timesmachine.nytimes.com/timesmachine/1917/07/08/98253369.pdf
4fc0698545c1498b0d2b7d6e,98253369,5,7,8,1917,m,https://timesmachine.nytimes.com/timesmachine/1917/07/08/98253369.pdf
4fc0750545c1498b0d2f201e,96258840,1,7,22,1917,m,https://timesmachine.nytimes.com/timesmachine/1917/07/22/96258840.pdf
4fc0750545c1498b0d2f201e,96258840,2,7,22,1917,m,https://timesmachine.nytimes.com/timesmachine/1917/07/22/96258840.pdf
4fc0750545c1498b0d2f201e,96258840,3,7,22,1917,none,https://timesmachine.nytimes.com/timesmachine/1917/07/22/96258840.pdf
4fc0750545c1498b0d2f201e,96258840,4,7,22,1917,f,https://timesmachine.nytimes.com/timesmachine/1917/07/22/96258840.pdf
4fc08b6945c1498b0d3580be,102357017,1,8,5,1917,m,https://timesmachine.nytimes.com/timesmachine/1917/08/05/102357017.pdf
4fc08b6945c1498b0d3580be,102357017,2,8,5,1917,f,https://timesmachine.nytimes.com/timesmachine/1917/08/05/102357017.pdf
4fc08b6945c1498b0d3580be,102357017,3,8,5,1917,f,https://timesmachine.nytimes.com/timesmachine/1917/08/05/102357017.pdf
4fc08b6945c1498b0d3580be,102357017,4,8,5,1917,m,https://timesmachine.nytimes.com/timesmachine/1917/08/05/102357017.pdf
4fc08b6945c1498b0d3580be,102357017,5,8,5,1917,none,https://timesmachine.nytimes.com/timesmachine/1917/08/05/102357017.pdf
4fc079cb45c1498b0d30816b,102362491,1,8,19,1917,m,https://timesmachine.nytimes.com/timesmachine/1917/08/19/102362491.pdf
4fc079cb45c1498b0d30816b,102362491,2,8,19,1917,f,https://timesmachine.nytimes.com/timesmachine/1917/08/19/102362491.pdf
4fc079cb45c1498b0d30816b,102362491,3,8,19,1917,m,https://timesmachine.nytimes.com/timesmachine/1917/08/19/102362491.pdf
4fc079cb45c1498b0d30816b,102362491,4,8,19,1917,f,https://timesmachine.nytimes.com/timesmachine/1917/08/19/102362491.pdf
4fc079cb45c1498b0d30816b,102362491,5,8,19,1917,m,https://timesmachine.nytimes.com/timesmachine/1917/08/19/102362491.pdf
4fc079cb45c1498b0d30816b,102362491,6,8,19,1917,m,https://timesmachine.nytimes.com/timesmachine/1917/08/19/102362491.pdf
4fc079cb45c1498b0d30816b,102362491,7,8,19,1917,m,https://timesmachine.nytimes.com/timesmachine/1917/08/19/102362491.pdf
4fc0720645c1498b0d2e24db,102366615,1,9,23,1917,m,https://timesmachine.nytimes.com/timesmachine/1917/09/23/102366615.pdf
4fc0720645c1498b0d2e24db,102366615,2,9,23,1917,m,https://timesmachine.nytimes.com/timesmachine/1917/09/23/102366615.pdf
4fc0720645c1498b0d2e24db,102366615,3,9,23,1917,m,https://timesmachine.nytimes.com/timesmachine/1917/09/23/102366615.pdf
4fc0720645c1498b0d2e24db,102366615,4,9,23,1917,m,https://timesmachine.nytimes.com/timesmachine/1917/09/23/102366615.pdf
4fc0720645c1498b0d2e24db,102366615,5,9,23,1917,m,https://timesmachine.nytimes.com/timesmachine/1917/09/23/102366615.pdf
4fc0720645c1498b0d2e24db,102366615,6,9,23,1917,none,https://timesmachine.nytimes.com/timesmachine/1917/09/23/102366615.pdf
4fc0720645c1498b0d2e24db,102366615,7,9,23,1917,m,https://timesmachine.nytimes.com/timesmachine/1917/09/23/102366615.pdf
4fc0720645c1498b0d2e24db,102366615,8,9,23,1917,f,https://timesmachine.nytimes.com/timesmachine/1917/09/23/102366615.pdf
4fc0720645c1498b0d2e24db,102366615,9,9,23,1917,f,https://timesmachine.nytimes.com/timesmachine/1917/09/23/102366615.pdf
4fc0713745c1498b0d2dd958,102309382,1,1,14,1917,f,https://timesmachine.nytimes.com/timesmachine/1917/01/14/102309382.pdf
4fc0713745c1498b0d2dd958,102309382,2,1,14,1917,f,https://timesmachine.nytimes.com/timesmachine/1917/01/14/102309382.pdf
4fc0713745c1498b0d2dd958,102309382,3,1,14,1917,m,https://timesmachine.nytimes.com/timesmachine/1917/01/14/102309382.pdf
4fc0713745c1498b0d2dd958,102309382,4,1,14,1917,m,https://timesmachine.nytimes.com/timesmachine/1917/01/14/102309382.pdf
4fc0713745c1498b0d2dd958,102309382,5,1,14,1917,m,https://timesmachine.nytimes.com/timesmachine/1917/01/14/102309382.pdf
4fc0713745c1498b0d2dd958,102309382,6,1,14,1917,m,https://timesmachine.nytimes.com/timesmachine/1917/01/14/102309382.pdf
4fc0671245c1498b0d2aba86,102676337,1,3,3,1918,f,https://timesmachine.nytimes.com/timesmachine/1918/03/03/102676337.pdf
4fc0671245c1498b0d2aba86,102676337,2,3,3,1918,none,https://timesmachine.nytimes.com/timesmachine/1918/03/03/102676337.pdf
4fc0671245c1498b0d2aba86,102676337,3,3,3,1918,none,https://timesmachine.nytimes.com/timesmachine/1918/03/03/102676337.pdf
4fc0671245c1498b0d2aba86,102676337,4,3,3,1918,m,https://timesmachine.nytimes.com/timesmachine/1918/03/03/102676337.pdf
4fc06e0145c1498b0d2cccb2,98272480,1,10,6,1918,m,https://timesmachine.nytimes.com/timesmachine/1918/10/06/98272480.pdf
4fc06e0145c1498b0d2cccb2,98272480,2,10,6,1918,f,https://timesmachine.nytimes.com/timesmachine/1918/10/06/98272480.pdf
4fc06e0145c1498b0d2cccb2,98272480,3,10,6,1918,m,https://timesmachine.nytimes.com/timesmachine/1918/10/06/98272480.pdf
4fc06e0145c1498b0d2cccb2,98272480,4,10,6,1918,m,https://timesmachine.nytimes.com/timesmachine/1918/10/06/98272480.pdf
4fc06e0145c1498b0d2cccb2,98272480,5,10,6,1918,f,https://timesmachine.nytimes.com/timesmachine/1918/10/06/98272480.pdf
4fc06e0145c1498b0d2cccb2,98272480,6,10,6,1918,m,https://timesmachine.nytimes.com/timesmachine/1918/10/06/98272480.pdf
4fc06e0145c1498b0d2cccb2,98272480,7,10,6,1918,none,https://timesmachine.nytimes.com/timesmachine/1918/10/06/98272480.pdf
4fc06e0145c1498b0d2cccb2,98272480,8,10,6,1918,none,https://timesmachine.nytimes.com/timesmachine/1918/10/06/98272480.pdf
4fc06e0145c1498b0d2cccb2,98272480,9,10,6,1918,none,https://timesmachine.nytimes.com/timesmachine/1918/10/06/98272480.pdf
4fc0767145c1498b0d2f7e7d,98273571,1,10,20,1918,f,https://timesmachine.nytimes.com/timesmachine/1918/10/20/98273571.pdf
4fc0767145c1498b0d2f7e7d,98273571,2,10,20,1918,m,https://timesmachine.nytimes.com/timesmachine/1918/10/20/98273571.pdf
4fc0767145c1498b0d2f7e7d,98273571,3,10,20,1918,m,https://timesmachine.nytimes.com/timesmachine/1918/10/20/98273571.pdf
4fc0767145c1498b0d2f7e7d,98273571,4,10,20,1918,m,https://timesmachine.nytimes.com/timesmachine/1918/10/20/98273571.pdf
4fc0767145c1498b0d2f7e7d,98273571,5,10,20,1918,none,https://timesmachine.nytimes.com/timesmachine/1918/10/20/98273571.pdf
4fc0767145c1498b0d2f7e7d,98273571,6,10,20,1918,none,https://timesmachine.nytimes.com/timesmachine/1918/10/20/98273571.pdf
4fc0767145c1498b0d2f7e7d,98273571,7,10,20,1918,none,https://timesmachine.nytimes.com/timesmachine/1918/10/20/98273571.pdf
4fc0767145c1498b0d2f7e7d,98273571,8,10,20,1918,none,https://timesmachine.nytimes.com/timesmachine/1918/10/20/98273571.pdf
4fc06f0845c1498b0d2d1fe2,97046370,1,11,24,1918,f,https://timesmachine.nytimes.com/timesmachine/1918/11/24/97046370.pdf
4fc06f0845c1498b0d2d1fe2,97046370,2,11,24,1918,m,https://timesmachine.nytimes.com/timesmachine/1918/11/24/97046370.pdf
4fc06f0845c1498b0d2d1fe2,97046370,3,11,24,1918,f,https://timesmachine.nytimes.com/timesmachine/1918/11/24/97046370.pdf
4fc06f0845c1498b0d2d1fe2,97046370,4,11,24,1918,m,https://timesmachine.nytimes.com/timesmachine/1918/11/24/97046370.pdf
4fc06f0845c1498b0d2d1fe2,97046370,5,11,24,1918,none,https://timesmachine.nytimes.com/timesmachine/1918/11/24/97046370.pdf
4fc06f0845c1498b0d2d1fe2,97046370,6,11,24,1918,m,https://timesmachine.nytimes.com/timesmachine/1918/11/24/97046370.pdf
4fc06f0845c1498b0d2d1fe2,97046370,7,11,24,1918,f,https://timesmachine.nytimes.com/timesmachine/1918/11/24/97046370.pdf
4fc06f0845c1498b0d2d1fe2,97046370,8,11,24,1918,none,https://timesmachine.nytimes.com/timesmachine/1918/11/24/97046370.pdf
4fc06cf545c1498b0d2c7532,102676346,1,3,3,1918,m,https://timesmachine.nytimes.com/timesmachine/1918/03/03/102676346.pdf
4fc06cf545c1498b0d2c7532,102676346,2,3,3,1918,f,https://timesmachine.nytimes.com/timesmachine/1918/03/03/102676346.pdf
4fc06cf545c1498b0d2c7532,102676346,3,3,3,1918,m,https://timesmachine.nytimes.com/timesmachine/1918/03/03/102676346.pdf
4fc06cf545c1498b0d2c7532,102676346,4,3,3,1918,none,https://timesmachine.nytimes.com/timesmachine/1918/03/03/102676346.pdf
4fc06cf545c1498b0d2c7532,102676346,5,3,3,1918,m,https://timesmachine.nytimes.com/timesmachine/1918/03/03/102676346.pdf
4fc06cf545c1498b0d2c7532,102676346,6,3,3,1918,m,https://timesmachine.nytimes.com/timesmachine/1918/03/03/102676346.pdf
4fc0820a45c1498b0d32e700,121603807,1,3,24,1918,f,https://timesmachine.nytimes.com/timesmachine/1918/03/24/121603807.pdf
4fc0820a45c1498b0d32e700,121603807,2,3,24,1918,m,https://timesmachine.nytimes.com/timesmachine/1918/03/24/121603807.pdf
4fc0820a45c1498b0d32e700,121603807,3,3,24,1918,m,https://timesmachine.nytimes.com/timesmachine/1918/03/24/121603807.pdf
4fc0820a45c1498b0d32e700,121603807,4,3,24,1918,none,https://timesmachine.nytimes.com/timesmachine/1918/03/24/121603807.pdf
4fc0820a45c1498b0d32e700,121603807,5,3,24,1918,m,https://timesmachine.nytimes.com/timesmachine/1918/03/24/121603807.pdf
4fc0820a45c1498b0d32e700,121603807,6,3,24,1918,f,https://timesmachine.nytimes.com/timesmachine/1918/03/24/121603807.pdf
4fc0820a45c1498b0d32e700,121603807,7,3,24,1918,m,https://timesmachine.nytimes.com/timesmachine/1918/03/24/121603807.pdf
4fc0726345c1498b0d2e393f,102685052,1,3,31,1918,m,https://timesmachine.nytimes.com/timesmachine/1918/03/31/102685052.pdf
4fc0726345c1498b0d2e393f,102685052,2,3,31,1918,f,https://timesmachine.nytimes.com/timesmachine/1918/03/31/102685052.pdf
4fc0726345c1498b0d2e393f,102685052,3,3,31,1918,m,https://timesmachine.nytimes.com/timesmachine/1918/03/31/102685052.pdf
4fc0726345c1498b0d2e393f,102685052,4,3,31,1918,m,https://timesmachine.nytimes.com/timesmachine/1918/03/31/102685052.pdf
4fc0726345c1498b0d2e393f,102685052,5,3,31,1918,m,https://timesmachine.nytimes.com/timesmachine/1918/03/31/102685052.pdf
4fc0726345c1498b0d2e393f,102685052,6,3,31,1918,none,https://timesmachine.nytimes.com/timesmachine/1918/03/31/102685052.pdf
4fc0726345c1498b0d2e393f,102685052,7,3,31,1918,none,https://timesmachine.nytimes.com/timesmachine/1918/03/31/102685052.pdf
4fc0726345c1498b0d2e393f,102685052,8,3,31,1918,f,https://timesmachine.nytimes.com/timesmachine/1918/03/31/102685052.pdf
4fc0924545c1498b0d37866c,118313020,1,3,21,1920,f,https://timesmachine.nytimes.com/timesmachine/1920/03/21/118313020.pdf
4fc0924545c1498b0d37866c,118313020,2,3,21,1920,none,https://timesmachine.nytimes.com/timesmachine/1920/03/21/118313020.pdf
4fc0924545c1498b0d37866c,118313020,3,3,21,1920,f,https://timesmachine.nytimes.com/timesmachine/1920/03/21/118313020.pdf
4fc0924545c1498b0d37866c,118313020,4,3,21,1920,none,https://timesmachine.nytimes.com/timesmachine/1920/03/21/118313020.pdf
4fc0924545c1498b0d37866c,118313020,5,3,21,1920,none,https://timesmachine.nytimes.com/timesmachine/1920/03/21/118313020.pdf
4fc0924545c1498b0d37866c,118313020,6,3,21,1920,f,https://timesmachine.nytimes.com/timesmachine/1920/03/21/118313020.pdf
4fc0924545c1498b0d37866c,118313020,7,3,21,1920,f,https://timesmachine.nytimes.com/timesmachine/1920/03/21/118313020.pdf
4fc0924545c1498b0d37866c,118313020,8,3,21,1920,none,https://timesmachine.nytimes.com/timesmachine/1920/03/21/118313020.pdf
4fc0924545c1498b0d37866c,118313020,9,3,21,1920,m,https://timesmachine.nytimes.com/timesmachine/1920/03/21/118313020.pdf
4fc0924545c1498b0d37866c,118313020,10,3,21,1920,none,https://timesmachine.nytimes.com/timesmachine/1920/03/21/118313020.pdf
4fc0924545c1498b0d37866c,118313020,11,3,21,1920,none,https://timesmachine.nytimes.com/timesmachine/1920/03/21/118313020.pdf
4fc0924545c1498b0d37866c,118313020,12,3,21,1920,none,https://timesmachine.nytimes.com/timesmachine/1920/03/21/118313020.pdf
4fc0924545c1498b0d37866c,118313020,13,3,21,1920,f,https://timesmachine.nytimes.com/timesmachine/1920/03/21/118313020.pdf
4fc08fbe45c1498b0d36c5cd,112649147,1,4,4,1920,f,https://timesmachine.nytimes.com/timesmachine/1920/04/04/112649147.pdf
4fc08fbe45c1498b0d36c5cd,112649147,2,4,4,1920,m,https://timesmachine.nytimes.com/timesmachine/1920/04/04/112649147.pdf
4fc08fbe45c1498b0d36c5cd,112649147,3,4,4,1920,none,https://timesmachine.nytimes.com/timesmachine/1920/04/04/112649147.pdf
4fc08fbe45c1498b0d36c5cd,112649147,4,4,4,1920,f,https://timesmachine.nytimes.com/timesmachine/1920/04/04/112649147.pdf
4fc08c7945c1498b0d35daa5,96294851,1,4,27,1919,m,https://timesmachine.nytimes.com/timesmachine/1919/04/27/96294851.pdf
4fc08c7945c1498b0d35daa5,96294851,2,4,27,1919,f,https://timesmachine.nytimes.com/timesmachine/1919/04/27/96294851.pdf
4fc08c7945c1498b0d35daa5,96294851,3,4,27,1919,m,https://timesmachine.nytimes.com/timesmachine/1919/04/27/96294851.pdf
4fc08c7945c1498b0d35daa5,96294851,4,4,27,1919,m,https://timesmachine.nytimes.com/timesmachine/1919/04/27/96294851.pdf
4fc08c7945c1498b0d35daa5,96294851,5,4,27,1919,m,https://timesmachine.nytimes.com/timesmachine/1919/04/27/96294851.pdf
4fc08c7945c1498b0d35daa5,96294851,6,4,27,1919,m,https://timesmachine.nytimes.com/timesmachine/1919/04/27/96294851.pdf
4fc08c7945c1498b0d35daa5,96294851,7,4,27,1919,f,https://timesmachine.nytimes.com/timesmachine/1919/04/27/96294851.pdf
4fc08c7945c1498b0d35daa5,96294851,8,4,27,1919,f,https://timesmachine.nytimes.com/timesmachine/1919/04/27/96294851.pdf
4fc08c7945c1498b0d35daa5,96294851,9,4,27,1919,m,https://timesmachine.nytimes.com/timesmachine/1919/04/27/96294851.pdf
4fc08c7945c1498b0d35daa5,96294851,10,4,27,1919,none,https://timesmachine.nytimes.com/timesmachine/1919/04/27/96294851.pdf
4fc08c7945c1498b0d35daa5,96294851,11,4,27,1919,none,https://timesmachine.nytimes.com/timesmachine/1919/04/27/96294851.pdf
4fc08c7945c1498b0d35daa5,96294851,12,4,27,1919,none,https://timesmachine.nytimes.com/timesmachine/1919/04/27/96294851.pdf
4fc078eb45c1498b0d3033cc,118179609,1,11,9,1919,m,https://timesmachine.nytimes.com/timesmachine/1919/11/09/118179609.pdf
4fc078eb45c1498b0d3033cc,118179609,2,11,9,1919,m,https://timesmachine.nytimes.com/timesmachine/1919/11/09/118179609.pdf
4fc078eb45c1498b0d3033cc,118179609,3,11,9,1919,f,https://timesmachine.nytimes.com/timesmachine/1919/11/09/118179609.pdf
4fc078eb45c1498b0d3033cc,118179609,4,11,9,1919,m,https://timesmachine.nytimes.com/timesmachine/1919/11/09/118179609.pdf
4fc078eb45c1498b0d3033cc,118179609,5,11,9,1919,m,https://timesmachine.nytimes.com/timesmachine/1919/11/09/118179609.pdf
4fc078eb45c1498b0d3033cc,118179609,6,11,9,1919,m,https://timesmachine.nytimes.com/timesmachine/1919/11/09/118179609.pdf
4fc078eb45c1498b0d3033cc,118179609,7,11,9,1919,f,https://timesmachine.nytimes.com/timesmachine/1919/11/09/118179609.pdf
4fc078eb45c1498b0d3033cc,118179609,8,11,9,1919,none,https://timesmachine.nytimes.com/timesmachine/1919/11/09/118179609.pdf
4fc078eb45c1498b0d3033cc,118179609,9,11,9,1919,f,https://timesmachine.nytimes.com/timesmachine/1919/11/09/118179609.pdf
4fc078eb45c1498b0d3033cc,118179609,10,11,9,1919,f,https://timesmachine.nytimes.com/timesmachine/1919/11/09/118179609.pdf
4fc0934a45c1498b0d37d0e6,113314527,1,10,17,1920,f,https://timesmachine.nytimes.com/timesmachine/1920/10/17/113314527.pdf
4fc0934a45c1498b0d37d0e6,113314527,2,10,17,1920,none,https://timesmachine.nytimes.com/timesmachine/1920/10/17/113314527.pdf
4fc0934a45c1498b0d37d0e6,113314527,3,10,17,1920,none,https://timesmachine.nytimes.com/timesmachine/1920/10/17/113314527.pdf
4fc0934a45c1498b0d37d0e6,113314527,4,10,17,1920,m,https://timesmachine.nytimes.com/timesmachine/1920/10/17/113314527.pdf
4fc0934a45c1498b0d37d0e6,113314527,5,10,17,1920,m,https://timesmachine.nytimes.com/timesmachine/1920/10/17/113314527.pdf
4fc0934a45c1498b0d37d0e6,113314527,6,10,17,1920,m,https://timesmachine.nytimes.com/timesmachine/1920/10/17/113314527.pdf
4fc0780645c1498b0d2ff50a,113320941,1,1,16,1921,f,https://timesmachine.nytimes.com/timesmachine/1921/01/16/113320941.pdf
